{"name":"7b98bef5-03ad-4fbf-98a1-e9d05c2a1711","id":"/providers/Microsoft.Flow/flows/7b98bef5-03ad-4fbf-98a1-e9d05c2a1711","type":"Microsoft.Flow/flows","properties":{"apiId":"/providers/Microsoft.PowerApps/apis/shared_logicflows","displayName":"SP Get Changes","definition":{"metadata":{"workflowEntityId":null,"processAdvisorMetadata":null,"flowclientsuspensionreason":"None","flowclientsuspensiontime":null,"creator":{"id":"2dad8891-58c1-4e61-966f-ad9813ab1365","type":"User","tenantId":"33df2eae-8315-4a6f-ab5f-af2a67d46f37"},"provisioningMethod":"FromDefinition","failureAlertSubscription":true,"clientLastModifiedTime":"2021-05-11T20:32:53.5968911Z"},"$schema":"https://schema.management.azure.com/providers/Microsoft.Logic/schemas/2016-06-01/workflowdefinition.json#","contentVersion":"1.0.0.0","parameters":{"$connections":{"defaultValue":{},"type":"Object"},"$authentication":{"defaultValue":{},"type":"SecureObject"}},"triggers":{"When_an_item_or_a_file_is_modified":{"recurrence":{"frequency":"Minute","interval":1},"splitOn":"@triggerOutputs()?['body/value']","type":"OpenApiConnection","inputs":{"host":{"apiId":"/providers/Microsoft.PowerApps/apis/shared_sharepointonline","connectionName":"shared_sharepointonline","operationId":"GetOnChangedItems"},"parameters":{"dataset":"https://axecapitalcorp.sharepoint.com/sites/HR","table":"ff3d949b-be41-4bdd-8a5d-eb89a80a1a0e"},"authentication":"@parameters('$authentication')"}}},"actions":{"Get_changes_for_an_item_or_a_file_(properties_only)":{"runAfter":{},"type":"OpenApiConnection","inputs":{"host":{"apiId":"/providers/Microsoft.PowerApps/apis/shared_sharepointonline","connectionName":"shared_sharepointonline","operationId":"GetItemChanges"},"parameters":{"dataset":"https://axecapitalcorp.sharepoint.com/sites/HR","table":"ff3d949b-be41-4bdd-8a5d-eb89a80a1a0e","id":"@triggerOutputs()?['body/ID']","since":"@triggerOutputs()?['body/{TriggerWindowStartToken}']","includeDrafts":false},"authentication":"@parameters('$authentication')"}},"Send_an_HTTP_request_to_SharePoint":{"runAfter":{"Get_changes_for_an_item_or_a_file_(properties_only)":["Succeeded"]},"type":"OpenApiConnection","inputs":{"host":{"apiId":"/providers/Microsoft.PowerApps/apis/shared_sharepointonline","connectionName":"shared_sharepointonline","operationId":"HttpRequest"},"parameters":{"dataset":"https://axecapitalcorp.sharepoint.com/sites/HR","parameters/method":"GET","parameters/uri":"_api/web/lists/getByTitle('Asset manager')/items(@{triggerOutputs()?['body/ID']})/versions(@{outputs('Get_changes_for_an_item_or_a_file_(properties_only)')?['body/SinceVersionId']\r\n})"},"authentication":"@parameters('$authentication')"}},"Condition":{"actions":{"Check_Previous_Status":{"runAfter":{},"type":"Compose","inputs":"@body('Send_an_HTTP_request_to_SharePoint')['d']['Status']"},"Send_an_email_(V2)":{"runAfter":{"Check_Previous_Status":["Succeeded"]},"type":"OpenApiConnection","inputs":{"host":{"apiId":"/providers/Microsoft.PowerApps/apis/shared_office365","connectionName":"shared_office365","operationId":"SendEmailV2"},"parameters":{"emailMessage/To":"adunnam@axecapitalcorp.onmicrosoft.com","emailMessage/Subject":"Asset: @{triggerOutputs()?['body/Title']} Status Change!","emailMessage/Body":"<p>The following assets status has changed from @{outputs('Check_Previous_Status')} to @{triggerOutputs()?['body/Status/Value']}. &nbsp;&nbsp;See Details below:<br>\n<br>\n@{triggerOutputs()?['body/AssetType/Value']}<br>\n@{triggerOutputs()?['body/Manufacturer']}</p>"},"authentication":"@parameters('$authentication')"}}},"runAfter":{"Send_an_HTTP_request_to_SharePoint":["Succeeded"]},"expression":{"equals":["@outputs('Get_changes_for_an_item_or_a_file_(properties_only)')?['body/ColumnHasChanged/Status']","@true"]},"type":"If"}}},"connectionReferences":{"shared_sharepointonline":{"connectionName":"3bf42c5ac2964f86ad79806552577077","source":"Embedded","id":"/providers/Microsoft.PowerApps/apis/shared_sharepointonline","tier":"NotSpecified"},"shared_office365":{"connectionName":"ead2b0f73ff844c7b605de5f4eb400dc","source":"Embedded","id":"/providers/Microsoft.PowerApps/apis/shared_office365","tier":"NotSpecified"}},"flowFailureAlertSubscribed":false}}