{"name":"5d2d2fd0-92a4-4f4a-91ba-ec72b0b559f9","id":"/providers/Microsoft.Flow/flows/5d2d2fd0-92a4-4f4a-91ba-ec72b0b559f9","type":"Microsoft.Flow/flows","properties":{"apiId":"/providers/Microsoft.PowerApps/apis/shared_logicflows","displayName":"Set Smart Lights Busy for Event","definition":{"metadata":{"workflowEntityId":null,"creator":{"id":"902d4e3c-1184-4f3f-bae7-7fae94b33419","type":"User","tenantId":"1bfe8a0b-4429-450d-90d0-0ad3fe8c5a18"},"provisioningMethod":"FromDefinition","failureAlertSubscription":true,"clientLastModifiedTime":"2020-04-02T01:55:27.5554916Z"},"$schema":"https://schema.management.azure.com/providers/Microsoft.Logic/schemas/2016-06-01/workflowdefinition.json#","contentVersion":"1.0.0.0","parameters":{"$connections":{"defaultValue":{},"type":"Object"},"$authentication":{"defaultValue":{},"type":"SecureObject"}},"triggers":{"When_an_upcoming_event_is_starting_soon_(V3)":{"recurrence":{"frequency":"Minute","interval":3},"splitOn":"@triggerBody()?['value']","metadata":{"flowSystemMetadata":{"swaggerOperationId":"OnUpcomingEventsV3"}},"type":"ApiConnection","inputs":{"host":{"connection":{"name":"@parameters('$connections')['shared_office365']['connectionId']"},"api":{"runtimeUrl":"https://flow-apim-msmanaged-na-eastus2-01.azure-apim.net/apim/office365"}},"method":"get","path":"/v3/Events/OnUpcomingEvents","queries":{"table":"AAMkADdlODA5ODZiLTliNjgtNGM5Ny04MDNiLTJmMDcwZjI4MGU4YgBGAAAAAACEUqanpnVXSLJNvGFKAg6HBwATL7SCUBs9RYr7NFLweK1_AABsJ_jmAACq1ZATdZUbQKApm9narJ-iABnWVwIHAAA=","lookAheadTimeInMinutes":5},"authentication":"@parameters('$authentication')"}}},"actions":{"Post_to_IFTTT_to_Set_Busy_Signal":{"runAfter":{},"type":"Http","inputs":{"method":"POST","uri":"https://login.microsoft.com"}},"Post_to_IFTTT_to_Set_Free_Signal":{"runAfter":{"Delay":["Succeeded"]},"type":"Http","inputs":{"method":"POST","uri":"https://login.microsoft.com"}},"Seconds":{"runAfter":{"Date_Difference":["Succeeded"]},"type":"Compose","inputs":"@div(outputs('Date_Difference'),10000000)"},"Date_Difference":{"runAfter":{"Post_to_IFTTT_to_Set_Busy_Signal":["Succeeded"]},"type":"Compose","inputs":"@sub(ticks(triggerBody()?['End']),ticks(triggerBody()?['Start']))"},"Minutes":{"runAfter":{"Seconds":["Succeeded"]},"type":"Compose","inputs":"@div(outputs('Seconds'),60)"},"Delay":{"runAfter":{"Minutes":["Succeeded"]},"type":"Wait","inputs":{"interval":{"count":"@outputs('Minutes')","unit":"Minute"}}}},"outputs":{}},"connectionReferences":{"shared_office365":{"connectionName":"shared-office365-747f586d-20c3-4e50-9a6b-f91a852703ad","source":"Embedded","id":"/providers/Microsoft.PowerApps/apis/shared_office365","tier":"NotSpecified"}},"flowFailureAlertSubscribed":false}}