{"name":"570b1204-339b-43c7-b35c-60a249f5366b","id":"/providers/Microsoft.Flow/flows/570b1204-339b-43c7-b35c-60a249f5366b","type":"Microsoft.Flow/flows","properties":{"apiId":"/providers/Microsoft.PowerApps/apis/shared_logicflows","displayName":"Outlook Busy Light Flow","definition":{"metadata":{"workflowEntityId":null,"processAdvisorMetadata":null,"flowclientsuspensionreason":"None","flowclientsuspensiontime":null,"creator":{"id":"902d4e3c-1184-4f3f-bae7-7fae94b33419","type":"User","tenantId":"1bfe8a0b-4429-450d-90d0-0ad3fe8c5a18"},"provisioningMethod":"FromDefinition","failureAlertSubscription":true,"clientLastModifiedTime":"2022-03-17T15:50:43.4012279Z"},"$schema":"https://schema.management.azure.com/providers/Microsoft.Logic/schemas/2016-06-01/workflowdefinition.json#","contentVersion":"1.0.0.0","parameters":{"$connections":{"defaultValue":{},"type":"Object"},"$authentication":{"defaultValue":{},"type":"SecureObject"}},"triggers":{"When_an_upcoming_event_is_starting_soon_(V3)":{"recurrence":{"frequency":"Minute","interval":3},"splitOn":"@triggerBody()?['value']","metadata":{"flowSystemMetadata":{"swaggerOperationId":"OnUpcomingEventsV3"},"operationMetadataId":"d67411ed-e7cb-40a2-9905-bb92d40dd003"},"type":"ApiConnection","inputs":{"host":{"connection":{"name":"@parameters('$connections')['shared_office365']['connectionId']"},"api":{"runtimeUrl":"https://flow-apim-msmanaged-na-eastus2-01.azure-apim.net/apim/office365"}},"method":"get","path":"/v3/Events/OnUpcomingEvents","queries":{"table":"AAMkADdlODA5ODZiLTliNjgtNGM5Ny04MDNiLTJmMDcwZjI4MGU4YgBGAAAAAACEUqanpnVXSLJNvGFKAg6HBwATL7SCUBs9RYr7NFLweK1_AABsJ_jmAACq1ZATdZUbQKApm9narJ-iABnWVwIHAAA=","lookAheadTimeInMinutes":5},"authentication":"@parameters('$authentication')"}}},"actions":{"Post_to_IFTTT_to_Set_Busy_Signal":{"runAfter":{},"metadata":{"operationMetadataId":"bf5529db-1cb2-44e0-8252-5445eba30774"},"type":"Http","inputs":{"method":"POST","uri":"https://maker.ifttt.com/trigger/youreventname/json/with/key/yourIFTTTKey"}},"Post_to_IFTTT_to_Set_Free_Signal":{"runAfter":{"Delay":["Succeeded"]},"metadata":{"operationMetadataId":"c61e5846-6143-4a08-83f7-ae5e543e1b81"},"type":"Http","inputs":{"method":"POST","uri":"https://maker.ifttt.com/trigger/youreventname/json/with/key/yourIFTTTKey"}},"Seconds":{"runAfter":{"Date_Difference":["Succeeded"]},"metadata":{"operationMetadataId":"e1119fc1-2ad0-4ffd-9694-7a865a76c47d"},"type":"Compose","inputs":"@div(outputs('Date_Difference'),10000000)"},"Date_Difference":{"runAfter":{"Post_to_IFTTT_to_Set_Busy_Signal":["Succeeded"]},"metadata":{"operationMetadataId":"3d9c131c-5d06-4ce1-8534-65c307abd6c1"},"type":"Compose","inputs":"@sub(ticks(triggerBody()?['End']),ticks(triggerBody()?['Start']))"},"Minutes":{"runAfter":{"Seconds":["Succeeded"]},"metadata":{"operationMetadataId":"90a521c0-ac17-4573-a762-fb7793146986"},"type":"Compose","inputs":"@div(outputs('Seconds'),60)"},"Delay":{"runAfter":{"Minutes":["Succeeded"]},"metadata":{"operationMetadataId":"28dedf19-7714-42e0-89ef-8e4d6d59fb1a"},"type":"Wait","inputs":{"interval":{"count":"@outputs('Minutes')","unit":"Minute"}}}},"outputs":{}},"connectionReferences":{"shared_office365":{"connectionName":"shared-office365-747f586d-20c3-4e50-9a6b-f91a852703ad","source":"Embedded","id":"/providers/Microsoft.PowerApps/apis/shared_office365","tier":"NotSpecified"}},"flowFailureAlertSubscribed":false}}