{"name":"60ba915e-14d2-4884-8374-28a1d76dca4f","id":"/providers/Microsoft.Flow/flows/60ba915e-14d2-4884-8374-28a1d76dca4f","type":"Microsoft.Flow/flows","properties":{"apiId":"/providers/Microsoft.PowerApps/apis/shared_logicflows","displayName":"Round Robin Email Assignment","definition":{"metadata":{"workflowEntityId":null,"creator":{"id":"af749463-157b-41e6-84ec-976f4cb1c469","type":"User","tenantId":"0b480af4-0a63-48e9-907a-9a37eb3aacf6"},"provisioningMethod":"FromDefinition","failureAlertSubscription":true,"clientLastModifiedTime":"2019-09-26T02:38:56.9287038Z"},"$schema":"https://schema.management.azure.com/providers/Microsoft.Logic/schemas/2016-06-01/workflowdefinition.json#","contentVersion":"1.0.0.0","parameters":{"$connections":{"defaultValue":{},"type":"Object"},"$authentication":{"defaultValue":{},"type":"SecureObject"}},"triggers":{"When_a_new_email_arrives":{"recurrence":{"interval":5,"frequency":"Minute"},"splitOn":"@triggerBody()?['value']","metadata":{"flowSystemMetadata":{"swaggerOperationId":"OnNewEmail"}},"type":"ApiConnection","inputs":{"host":{"connection":{"name":"@parameters('$connections')['shared_outlook']['connectionId']"},"api":{"runtimeUrl":"https://unitedstates-002.azure-apim.net/apim/outlook"}},"method":"get","path":"/Mail/OnNewEmail","queries":{"folderPath":"Inbox","importance":"Any","fetchOnlyWithAttachment":false,"includeAttachments":false,"subjectFilter":"TF Website Request"},"authentication":"@parameters('$authentication')"}}},"actions":{"Get_Team_Members":{"runAfter":{},"metadata":{"flowSystemMetadata":{"swaggerOperationId":"GetItems"}},"type":"ApiConnection","inputs":{"host":{"connection":{"name":"@parameters('$connections')['shared_sharepointonline']['connectionId']"},"api":{"runtimeUrl":"https://unitedstates-002.azure-apim.net/apim/sharepointonline"}},"method":"get","path":"/datasets/@{encodeURIComponent(encodeURIComponent('https://amdsolutions.sharepoint.com/'))}/tables/@{encodeURIComponent(encodeURIComponent('e9a8b379-834d-48f8-86ad-be0e012a898e'))}/items","authentication":"@parameters('$authentication')"}},"Users_Array_Initialize":{"runAfter":{"GetCounter":["Succeeded"]},"type":"InitializeVariable","inputs":{"variables":[{"name":"TeamMembers","type":"Array"}]}},"Apply_to_each":{"foreach":"@body('Get_Team_Members')?['value']","actions":{"Append_to_array_variable":{"runAfter":{},"type":"AppendToArrayVariable","inputs":{"name":"TeamMembers","value":"@items('Apply_to_each')?['ID']"}}},"runAfter":{"Next_Counter_Initialize":["Succeeded"]},"type":"Foreach"},"Counter_Initialize":{"runAfter":{"Users_Array_Initialize":["Succeeded"]},"type":"InitializeVariable","inputs":{"variables":[{"name":"CurrentCounter","type":"Integer","value":"@int(body('GetCounter')?['Value'])"}]}},"Next_Counter_Initialize":{"runAfter":{"Counter_Initialize":["Succeeded"]},"type":"InitializeVariable","inputs":{"variables":[{"name":"NextCounter","type":"Integer"}]}},"Condition":{"actions":{"SetNextCounter":{"runAfter":{},"type":"SetVariable","inputs":{"name":"NextCounter","value":1}},"Update_item":{"runAfter":{"SetNextCounter":["Succeeded"]},"metadata":{"flowSystemMetadata":{"swaggerOperationId":"PatchItem"}},"type":"ApiConnection","inputs":{"host":{"connection":{"name":"@parameters('$connections')['shared_sharepointonline']['connectionId']"},"api":{"runtimeUrl":"https://unitedstates-002.azure-apim.net/apim/sharepointonline"}},"method":"patch","body":{"Title":"0"},"path":"/datasets/@{encodeURIComponent(encodeURIComponent('https://amdsolutions.sharepoint.com/'))}/tables/@{encodeURIComponent(encodeURIComponent('596dd500-75d5-4e15-be18-f9b4e8f374cb'))}/items/@{encodeURIComponent('1')}","authentication":"@parameters('$authentication')"}}},"runAfter":{"Apply_to_each":["Succeeded"]},"else":{"actions":{"SetNextCounterVar":{"runAfter":{},"type":"SetVariable","inputs":{"name":"NextCounter","value":"@variables('CurrentCounter')"}},"Update_item_2":{"runAfter":{"SetNextCounterVar":["Succeeded"]},"metadata":{"flowSystemMetadata":{"swaggerOperationId":"PatchItem"}},"type":"ApiConnection","inputs":{"host":{"connection":{"name":"@parameters('$connections')['shared_sharepointonline']['connectionId']"},"api":{"runtimeUrl":"https://unitedstates-002.azure-apim.net/apim/sharepointonline"}},"method":"patch","body":{"Title":"Counter","Value":"@add(body('GetCounter')?['Value'],1)"},"path":"/datasets/@{encodeURIComponent(encodeURIComponent('https://amdsolutions.sharepoint.com/'))}/tables/@{encodeURIComponent(encodeURIComponent('596dd500-75d5-4e15-be18-f9b4e8f374cb'))}/items/@{encodeURIComponent('1')}","authentication":"@parameters('$authentication')"}}}},"expression":{"greaterOrEquals":["@variables('CurrentCounter')","@length(variables('TeamMembers'))"]},"type":"If"},"GetCounter":{"runAfter":{"Get_Team_Members":["Succeeded"]},"metadata":{"flowSystemMetadata":{"swaggerOperationId":"GetItem"}},"type":"ApiConnection","inputs":{"host":{"connection":{"name":"@parameters('$connections')['shared_sharepointonline']['connectionId']"},"api":{"runtimeUrl":"https://unitedstates-002.azure-apim.net/apim/sharepointonline"}},"method":"get","path":"/datasets/@{encodeURIComponent(encodeURIComponent('https://amdsolutions.sharepoint.com/'))}/tables/@{encodeURIComponent(encodeURIComponent('596dd500-75d5-4e15-be18-f9b4e8f374cb'))}/items/@{encodeURIComponent('1')}","authentication":"@parameters('$authentication')"}},"Forward_an_email_(V2)":{"runAfter":{"Add_a_to-do_(V2)":["Succeeded"]},"metadata":{"flowSystemMetadata":{"swaggerOperationId":"ForwardEmail_V2"}},"type":"ApiConnection","inputs":{"host":{"connection":{"name":"@parameters('$connections')['shared_office365']['connectionId']"},"api":{"runtimeUrl":"https://unitedstates-002.azure-apim.net/apim/office365"}},"method":"post","body":{"ToRecipients":"@body('Get_Team_Member_Info')?['Email']"},"path":"/codeless/v1.0/me/messages/@{encodeURIComponent(triggerBody()?['Id'])}/forward","authentication":"@parameters('$authentication')"}},"Get_Team_Member_Info":{"runAfter":{"Condition":["Succeeded"]},"metadata":{"flowSystemMetadata":{"swaggerOperationId":"GetItem"}},"type":"ApiConnection","inputs":{"host":{"connection":{"name":"@parameters('$connections')['shared_sharepointonline']['connectionId']"},"api":{"runtimeUrl":"https://unitedstates-002.azure-apim.net/apim/sharepointonline"}},"method":"get","path":"/datasets/@{encodeURIComponent(encodeURIComponent('https://amdsolutions.sharepoint.com/'))}/tables/@{encodeURIComponent(encodeURIComponent('e9a8b379-834d-48f8-86ad-be0e012a898e'))}/items/@{encodeURIComponent(variables('NextCounter'))}","authentication":"@parameters('$authentication')"}},"Add_a_to-do_(V2)":{"runAfter":{"Update_task_details":["Succeeded"]},"metadata":{"flowSystemMetadata":{"swaggerOperationId":"CreateToDoV2"}},"type":"ApiConnection","inputs":{"host":{"connection":{"name":"@parameters('$connections')['shared_todo']['connectionId']"},"api":{"runtimeUrl":"https://unitedstates-002.azure-apim.net/apim/todo"}},"method":"post","body":{"Subject":"DefaultToDo","DueDateTime":{"TimeZone":"UTC"},"ReminderDateTime":{"TimeZone":"UTC"},"StartDateTime":{"TimeZone":"UTC"},"Body":{"ContentType":"HTML"}},"path":"/v2/tasks","authentication":"@parameters('$authentication')"}},"Update_task_details":{"runAfter":{"Create_a_task":["Succeeded"]},"metadata":{"flowSystemMetadata":{"swaggerOperationId":"UpdateTaskDetails_V2"}},"type":"ApiConnection","inputs":{"host":{"connection":{"name":"@parameters('$connections')['shared_planner']['connectionId']"},"api":{"runtimeUrl":"https://unitedstates-002.azure-apim.net/apim/planner"}},"method":"patch","body":{"description":"@triggerBody()?['Body']"},"headers":{"prefer":" return=representation"},"path":"/v1.0/planner/tasks/@{encodeURIComponent(body('Create_a_task')?['id'])}/details","authentication":"@parameters('$authentication')"}},"Create_a_task":{"runAfter":{"Get_Team_Member_Info":["Succeeded"]},"metadata":{"flowSystemMetadata":{"swaggerOperationId":"CreateTask_V3"}},"type":"ApiConnection","inputs":{"host":{"connection":{"name":"@parameters('$connections')['shared_planner']['connectionId']"},"api":{"runtimeUrl":"https://unitedstates-002.azure-apim.net/apim/planner"}},"method":"post","body":{"groupId":"5725da7b-860b-41c9-91d2-fc7b0767d47d","planId":"LlY425fWj02uRb7nzdXiGGUADLQ4","title":"@triggerBody()?['Subject']","dueDateTime":"@{addDays(utcNow(),1)}","assignments":"@body('Get_Team_Member_Info')?['Email']"},"headers":{"prefer":" return=representation"},"path":"/v2/v1.0/planner/tasks","authentication":"@parameters('$authentication')"}}},"outputs":{}},"connectionReferences":{"shared_sharepointonline":{"connectionName":"44f7cc124cab43fb8f5a4b5e65a7bb98","source":"Embedded","id":"/providers/Microsoft.PowerApps/apis/shared_sharepointonline","tier":"NotSpecified"},"shared_office365":{"connectionName":"shared-office365-503cfccd-75b1-4ae5-8501-07e00ed96d21","source":"Embedded","id":"/providers/Microsoft.PowerApps/apis/shared_office365","tier":"NotSpecified"},"shared_planner":{"connectionName":"a9bf79ebc97840de9966c079afa7b47f","source":"Embedded","id":"/providers/Microsoft.PowerApps/apis/shared_planner","tier":"NotSpecified"},"shared_outlook":{"connectionName":"shared-outlook-feffa039-6b3b-4692-92d8-d433da115827","source":"Embedded","id":"/providers/Microsoft.PowerApps/apis/shared_outlook","tier":"NotSpecified"},"shared_todo":{"connectionName":"shared-todo-f2c37c57-0b26-4b14-b2c7-c665dd058542","source":"Embedded","id":"/providers/Microsoft.PowerApps/apis/shared_todo","tier":"NotSpecified"}},"flowFailureAlertSubscribed":false}}